{
    "shards": 4,
    "replicas": 3,
    "servers": 6,
    "read_time": 19.61460590362549,
    "write_time": 514.8582191467285
}