{"shards": 4, "replicas": 3, "servers": 6, "read_time": 1.2359371185302734, "write_time": 20.47485089302063}