{
    "shards": 4,
    "replicas": 7,
    "servers": 7,
    "read_time": 116.559336634505461,
    "write_time": 652.667870759964,
    "writes": 10000,
    "reads": 10000,
    "write_speeddown": 0.951965747898492,
    "read_speedup": 1.2137428549592159
}