{
    "shards": 4,
    "replicas": 7,
    "servers": 7,
    "read_time": 19.45153045654297,
    "write_time": 1179.4312834739685,
    "write_speeddown": 0.43653091651955667,
    "read_speedup": 1.0083836820679406
}