{
    "shards": 6,
    "replicas": 8,
    "servers": 10,
    "read_time": 83.656185865402227,
    "write_time": 624.18793797492981,
    "writes": 10000,
    "reads": 10000,
    "write_speeddown": 0.9920051541397722,
    "read_speedup": 0.8709562440027505
}